State,Bill,ISSUE ,Status,Status Detail
Alaska,HB 27,Schools & Education,Advancing,"Referred to committee, 01/19/2023"
Alaska,HB 105,Schools & Education,Advancing,"First read and referred to committee, 03/08/2023"
Alaska,SB 96,Schools & Education,Advancing,"First read and referred to committee, 03/08/2023"
Arizona,SB 1028,Free Speech & Expression,Advancing,"Passed Senate; House hearing, 03/29/2023"
Arizona,SB 1026,Free Speech & Expression,Advancing,"Passed Senate; House second read, 03/09/2023"
Arizona,SB 1001,"Schools & Education, Civil Rights",Advancing,"Passed Senate; House committee hearing, 04/03/2023"
Arizona,SB 1030,Free Speech & Expression,Advancing,"Passed Senate; House hearing, 03/29/2023"
Arizona,SB 1040,Schools & Education,Advancing,"Passed Senate; House committee hearing, 03/28/2023"
Arizona,SB 1702,Healthcare,Advancing,"Second read, 02/02/2023"
Arizona,SB 1700,Schools & Education,Advancing,"Passed Senate; House second read, 03/22/2023"
Arizona,SB 1698,Free Speech & Expression,Advancing,"Passed Senate; House second read, 03/08/2023"
Arizona,SB 1417,Other Anti-LGBTQ Bills,Advancing,"Passed Senate; House second read, 02/28/2023"
Arizona,SB 1694,Other Anti-LGBTQ Bills,Advancing,"Passed Senate; House hearing, 03/29/2023"
Arizona,HB 2711,Schools & Education,Advancing,"Second read, 02/08/2023"
Arkansas,HB 1156,Schools & Education,Passed into Law,"Enacted, 03/21/2023"
Arkansas,SB 43,Free Speech & Expression,Passed into Law,"Became law, 02/27/2023"
Arkansas,SB 125,Schools & Education,Advancing,"Passed Senate; House second read and referred to committee, 03/28/2023"
Arkansas,SB 199,Healthcare,Passed into Law,"Became act without Governor’s signature, 03/16/2023"
Arkansas,SB 270,"Public Accommodations, Other Anti-LGBTQ Bills",Advancing,"Passed House as amended; Senate rereferred to committee, 03/31/2023"
Arkansas,HB 1468,Schools & Education,Advancing,"Passed House; Senate committee passed, 03/29/2023"
Arkansas,SB 294,Schools & Education,Passed into Law,"Became act without Governor's signature, 03/14/2023"
Arkansas,HB 1615,Civil Rights,Advancing,"Committee recommends passage, 03/30/2023"
Arkansas,HB 1738,Schools & Education,Advancing,"Second read and referred to committee, 03/28/2023"
California,AB 1314,Schools & Education,Advancing,"Re-referred to committee, 03/13/2023"
Colorado,HB 23-1098,Schools & Education,Defeated,"Postponed indefinitely by committee, 02/13/2023"
Connecticut,HB 6213,Schools & Education,Advancing,"Referred to committee, 01/19/2023"
Connecticut,SB 468,Schools & Education,Advancing,"Referred to committee, 01/18/2023"
Florida,HB 991,Other Anti-LGBTQ Bills,Advancing,"Referred to committee, 03/14/2023"
Florida,HB 1069,Schools & Education,Advancing,"Second read, 03/30/2023"
Florida,HB 1223,Schools & Education,Advancing,"Referred to committee, 03/16/2023"
Florida,SB 1320,Schools & Education,Advancing,"Referred to committee as amended, 03/22/2023"
Florida,HB 999,"Schools & Education, Free Speech & Expression",Advancing,"Referred to committee, 03/16/2023"
Florida,SB 266,"Schools & Education, Free Speech & Expression",Advancing,"First read as amended, 03/21/2023"
Florida,SB 254,"Healthcare, Other Anti-LGBTQ Bills",Advancing,"Placed on Special Order Calendar, 04/03/2023"
Florida,HB 1421,"Healthcare, Civil Rights, Accurate IDs",Advancing,"Referred to House and second reading calendars, 03/29/2023"
Florida,SB 1674,"Public Accommodations, Schools & Education, Other Anti-LGBTQ Bills",Advancing,"Reported favorably and referred to committee, 03/30/2023"
Florida,HB 1521,"Public Accommodations, Other Anti-LGBTQ Bills",Advancing,"Subcommittee substitute first read, 03/30/2023"
Georgia,SB 88,Schools & Education,Advancing,"Senate read and referred, 02/06/2023"
Georgia,SB 141,"Healthcare, Schools & Education",Advancing,"First read and referred to committee, 02/13/2023"
Georgia,SB 140,Healthcare,Passed into Law,"Governor signed, 03/23/2023"
Georgia,SB 180,Civil Rights,Advancing,"First read and referred to committee, 02/15/2023"
Georgia,HB 653,"Healthcare, Schools & Education",Advancing,"House second read, 03/06/2023"
Hawaii,HB 509,Schools & Education,Advancing,"Referred to committee, 01/27/2023"
Hawaii,HB 508,Schools & Education,Advancing,"Referred to committee, 01/27/2023"
Hawaii,HB 891,Healthcare,Advancing,"Referred to committee, 01/30/2023"
Hawaii,SB 1429,Schools & Education,Advancing,"Referred to committee, 01/30/2023"
Idaho,S 1003,Other Anti-LGBTQ Bills,Advancing,"Referred to committee, 01/17/2023"
Idaho,SB 1016,Public Accommodations,Passed into Law,"Governor signed, 03/27/2023"
Idaho,HB 71,Healthcare,Advancing,"Passed House and Senate; delivered to Governor, 03/30/2023"
Idaho,SB 1100,Schools & Education,Passed into Law,"Governor signed, 03/23/2023"
Idaho,HB 63,Civil Rights,Advancing,"Passed House; Senate first read and referred to committee, 02/16/2023"
Idaho,SB 1071,Schools & Education,Advancing,"Passed Senate; House first read and referred to committee, 03/13/2023"
Idaho,HB 265,Free Speech & Expression,Advancing,"Passed House; Senate read referred to committee, 03/08/2023"
Indiana,HB 1118,Healthcare,Advancing,"First read and referred to committee, 01/10/2023"
Indiana,HB 1220,Healthcare,Advancing,"First read and referred to committee, 01/10/2023"
Indiana,HB 1231,Healthcare,Advancing,"First read and referred to committee, 01/10/2023"
Indiana,HB 1232,Healthcare,Advancing,"First read and referred to committee, 01/10/2023"
Indiana,SB 354,Schools & Education,Advancing,"First read and referred to committee, 01/12/2023"
Indiana,SB 351,Accurate IDs,Advancing,"Referred to committee, 01/12/2023"
Indiana,HB 1525,Healthcare,Advancing,"First read and referred to committee, 01/19/2023"
Indiana,SB 480,Healthcare,Advancing,"Passed Senate and House, 03/29/2023"
Indiana,HB 1407,Healthcare,Advancing,"Passed House; Senate first read and referred to committee, 03/09/2023"
Indiana,HB 1569,Healthcare,Advancing,"Passed House and Senate, 03/30/2023"
Indiana,HB 1589,Healthcare,Advancing,"First read and referred to committee, 01/19/2023"
Indiana,HB 1520,"Public Accommodations, Schools & Education",Advancing,"First read and referred to committee, 01/19/2023"
Indiana,SB 386,Schools & Education,Advancing,"First read and referred to committee, 01/19/2023"
Indiana,SB 413,Schools & Education,Advancing,"First read and referred to committee, 01/19/2023"
Indiana,HB 1608,Schools & Education,Advancing,"Passed House; Senate committee passed as amended, 03/27/2023"
Indiana,HB 1346,Schools & Education,Advancing,"Referred to committee, 01/17/2023"
Indiana,HB 1524,Accurate IDs,Advancing,"Referred to committee, 01/19/2023"
Indiana,SB 487,Other Anti-LGBTQ Bills,Advancing,"First read and referred to committee, 01/19/2023"
Iowa,SF 83,Schools & Education,Defeated,"Missed committee deadline, 03/03/2023"
Iowa,HF 8,Schools & Education,Defeated,"Withdrawn, 03/08/2023"
Iowa,HF 9,Schools & Education,Advancing,"Passed subcommittee 1/31/23; renumbered as HF 180, 02/01/2023"
Iowa,SF 110,Healthcare,Advancing,"Assigned to subcommittee, 01/24/2023"
Iowa,SF 129,"Schools & Education, Healthcare, Other Anti-LGBTQ Bills",Defeated,"Missed committee deadline, 03/03/2023"
Iowa,SF 159,Schools & Education,Defeated,"Missed committee deadline, 03/03/2023"
Iowa,HF 180,Schools & Education,Advancing,"Placed on calendar, 02/01/2023"
Iowa,HF 190,Civil Rights,Advancing,"Referred to committee, 02/02/2023"
Iowa,SF 212,Civil Rights,Defeated,"Missed committee deadline, 03/03/2023"
Iowa,HF 229,Civil Rights,Defeated,"Missed committee deadline, 03/03/2023"
Iowa,HF 325,"Public Accommodations, Civil Rights",Defeated,"Missed committee deadline, 03/03/2023"
Iowa,HF 290,Accurate IDs,Defeated,"Missed committee deadline, 03/03/2023"
Iowa,SSB 1145,Schools & Education,Advancing,"Bill renumbered SF 496, 03/02/2023"
Iowa,SF 335,Schools & Education,Advancing,"Renumbered as SF 482, 03/02/2023"
Iowa,SF 297,Civil Rights,Advancing,"Committee recommends passage, 03/06/2023"
Iowa,HF 348,Schools & Education,Advancing,"Passed House; Senate referred to subcommittee, 03/15/2023"
Iowa,SF 348,Free Speech & Expression,Defeated,"Missed committee deadline, 03/03/2023"
Iowa,SSB 1197,Healthcare,Defeated,"Bill renumbered SF 538, 03/02/2023"
Iowa,HSB 214,Healthcare,Defeated,"Bill renumbered HF 623, 03/02/2023"
Iowa,HSB 222,Schools & Education,Defeated,"Missed committee deadline, 03/03/2023"
Iowa,HF 482,Schools & Education,Defeated,"Missed committee deadline, 03/03/2023"
Iowa,HSB 208,Schools & Education,Advancing,"Renumbered HF 622, 03/03/2023"
Iowa,HF 508,"Civil Rights, Other Anti-LGBTQ Bills",Advancing,"Referred to committee, 02/28/2023"
Iowa,HF 622,Schools & Education,Defeated,"Withdrawn, 03/16/2023"
Iowa,SF 496,Schools & Education,Advancing,"Passed Senate; House committee recommends passage as amended, 03/30/2023"
Iowa,SF 482,Schools & Education,Passed into Law,"Governor signed, 03/22/2023"
Iowa,HF 623,Healthcare,Defeated,"SF 538 substituted and bill withdrawn, 03/08/2023"
Iowa,HF 616,Other Anti-LGBTQ Bills,Defeated,"Missed committee deadline, 03/03/2023"
Iowa,SF 538,Healthcare,Passed into Law,"Governor signed, 03/22/2023"
Kansas,SB 12,Healthcare,Advancing,"Committee hearing completed, 02/14/2023"
Kansas,HB 2238,Schools & Education,Advancing,"Vetoed by Governor; returned to House, 03/17/2023"
Kansas,SB 149,Free Speech & Expression,Advancing,"Referred to committee, 02/03/2023"
Kansas,SB 180,Other Anti-LGBTQ Bills,Advancing,"Passed Senate and House as amended, 03/29/2023"
Kansas,SB 201,Free Speech & Expression,Advancing,"Referred to committee, 02/08/2023"
Kansas,SB 207,"Schools & Education, Civil Rights",Advancing,"Referred to committee, 02/09/2023"
Kansas,SB 224,Other Anti-LGBTQ Bills,Advancing,"Committee hearing 3/7/23 through, 03/08/2023"
Kansas,SB 233,Healthcare,Advancing,"Passed Senate; referred to House committee, 03/01/2023"
Kansas,HB 2404,Other Anti-LGBTQ Bills,Advancing,"Referred to committee, 02/10/2023"
Kansas,SB 255,Schools & Education,Advancing,"Committee hearing, 03/22/2023"
Kansas,HB 2427,"Public Accommodations, Schools & Education",Advancing,"Committee recommends passage as amended, 03/27/2023"
Kansas,SB 228,Other Anti-LGBTQ Bills,Advancing,"Passed Senate; House passed as amended, 03/27/2023"
Kansas,HB 2263,Healthcare,Advancing,"Passed Senate as amended; House referred to committee, 03/28/2023"
Kentucky,HB 120,Healthcare,Advancing,"Introduced and referred to committee, 01/05/2023"
Kentucky,HB 58,Civil Rights,Introduced,1/3/2023
Kentucky,HB 30,Schools & Education,Advancing,"Introduced and referred to committee, 01/03/2023"
Kentucky,HB 173,Schools & Education,Defeated,"Withdrawn, 03/13/2023"
Kentucky,HB 177,Schools & Education,Advancing,"Referred to committee, 02/23/2023"
Kentucky,SB 102,Schools & Education,Advancing,"Referred to committee, 02/10/2023"
Kentucky,SB 150,"Healthcare, Schools & Education",Passed into Law,"Governor veto overridden, 03/29/2023"
Kentucky,SB 115,Free Speech & Expression,Advancing,"Passed Senate; House first read and returned to committee, 03/16/2023"
Kentucky,SB 145,Schools & Education,Passed into Law,"Governor signed, 03/24/2023"
Kentucky,HB 470,"Healthcare, Schools & Education, Accurate IDs",Advancing,"Passed House; Senate third read as amended, 03/15/2023"
Kentucky,HB 585,Accurate IDs,Advancing,"Introduced to committee, 02/22/2023"
Louisiana,HB 81,Schools & Education,Introduced,"Provisionally referred to committee, 03/13/2023"
Maine,HP 447,Schools & Education,Advancing,"Referred to committee, 02/16/2023"
Maine,LD 678,Schools & Education,Advancing,"Referred to committee, 02/28/2023"
Maine,HP 577,Schools & Education,Advancing,"Referred to committee, 03/02/2023"
Maine,LD 930,Schools & Education,Advancing,"Referred to committee, 03/02/2023"
Maryland,HB 359,Schools & Education,Defeated,"Unfavorable committee report, 02/20/2023"
Massachusetts,H. 509,Schools & Education,Advancing,"Senate concurred, 02/16/2023"
Massachusetts,H. 458,Schools & Education,Advancing,"Senate concurred, 02/16/2023"
Michigan,HB 4075,Civil Rights,Advancing,"Notice given to discharge committee, 03/15/2023"
Michigan,HB 4195,Schools & Education,Advancing,"First read and referred to committee, 03/07/2023"
Michigan,HB 4257,Healthcare,Advancing,"First read and referred to committee, 03/09/2023"
Minnesota,HF 551,Schools & Education,Advancing,"First read and referred to committee, 01/19/2023"
Minnesota,SF 724,Schools & Education,Introduced,"First read and referred to committee, 01/25/2023"
Minnesota,SF 933,Free Speech & Expression,Advancing,"Referred to committee, 01/30/2023"
Minnesota,HF 1086,Schools & Education,Advancing,"First read and referred to committee, 01/30/2023"
Minnesota,HF 1903,Free Speech & Expression,Advancing,"Referred to committee, 02/16/2023"
Minnesota,HF 3022,Schools & Education,Advancing,"First read and referred to committee, 03/20/2023"
Mississippi,SB 2864,Healthcare,Defeated,"Died in committee, 01/31/2023"
Mississippi,HB 1127,Healthcare,Defeated,"Died in committee, 01/31/2023"
Mississippi,HB 1125,Healthcare,Passed into Law,"Governor signed, 02/28/2023"
Mississippi,HB 456,Healthcare,Defeated,"Died in committee, 01/31/2023"
Mississippi,HB 576,Healthcare,Defeated,"Died in committee, 01/31/2023"
Mississippi,SB 2765,Schools & Education,Defeated,"Died in committee, 01/31/2023"
Mississippi,SB 2076,Schools & Education,Defeated,"Died in committee, 01/31/2023"
Mississippi,HB 509,Schools & Education,Defeated,"Died in committee, 01/31/2023"
Mississippi,SB 2773,Schools & Education,Defeated,"Died in committee, 01/31/2023"
Mississippi,HB 1144,Schools & Education,Defeated,"Died in committee, 01/31/2023"
Mississippi,SB 2058,Schools & Education,Defeated,"Died in committee, 01/31/2023"
Mississippi,SB 2820,Schools & Education,Defeated,"Died in committee, 01/31/2023"
Mississippi,SB 2764,Schools & Education,Defeated,"Died in committee, 01/31/2023"
Mississippi,HB 1074,"Schools & Education, Other Anti-LGBTQ Bills",Defeated,"Died in committee, 01/31/2023"
Mississippi,HB 1489,Schools & Education,Defeated,"Died in committee, 01/31/2023"
Mississippi,HB 1476,Schools & Education,Defeated,"Died in committee, 01/31/2023"
Mississippi,HB 1480,Schools & Education,Defeated,"Died in committee, 01/31/2023"
Mississippi,HB 1124,Healthcare,Defeated,"Died in committee, 01/31/2023"
Mississippi,SB 2760,Healthcare,Defeated,"Died in committee, 01/31/2023"
Mississippi,SB 2770,Healthcare,Defeated,"Died in committee, 01/31/2023"
Mississippi,HB 1126,Healthcare,Defeated,"Died in committee, 01/31/2023"
Mississippi,HB 1258,Healthcare,Defeated,"Died in committee, 01/31/2023"
Mississippi,SB 2883,Healthcare,Defeated,"Died in committee, 01/31/2023"
Mississippi,SB 2861,Healthcare,Defeated,"Died in committee, 01/31/2023"
Missouri,HB 540,Healthcare,Advancing,"Committee hearing completed, 01/24/2023"
Missouri,HB 463,Healthcare,Advancing,"Committee hearing completed, 01/24/2023"
Missouri,HB 419,Healthcare,Advancing,"Placed on informal perfection calendar, 03/22/2023"
Missouri,SB 236,Healthcare,Advancing,"Combined with SB 49 & 164, 02/20/2023"
Missouri,SB 164,Healthcare,Advancing,"Combined with SB 49 & SB 236, 02/20/2023"
Missouri,SB 49,Healthcare,Advancing,"Passed Senate; House second read and referred to committee, 03/24/2023"
Missouri,HB 192,"Schools & Education, Civil Rights",Advancing,"Second read, 01/05/2023"
Missouri,HB 489,Other Anti-LGBTQ Bills,Advancing,"Passed committee, 03/28/2023"
Missouri,SB 497,Schools & Education,Advancing,"Second read and referred to committee, 03/23/2023"
Missouri,HB 732,Other Anti-LGBTQ Bills,Advancing,"Second read, 01/11/2023"
Missouri,SB 258,Other Anti-LGBTQ Bills,Advancing,"Second read and referred to committee, 02/09/2023"
Missouri,SB 87,Schools & Education,Advancing,"Committee hearing, 01/31/2023"
Missouri,SB 134,Schools & Education,Advancing,"Passed committee, 02/14/2023"
Missouri,HB 494,Free Speech & Expression,Advancing,"Public hearing completed, 01/24/2023"
Missouri,HB 498,Free Speech & Expression,Advancing,"Public hearing completed, 01/24/2023"
Missouri,SB 429,Free Speech & Expression,Advancing,"Second read and referred to committee, 03/02/2023"
Missouri,HB 916,Healthcare,Advancing,"Referred to committee, 01/25/2023"
Missouri,HB 634,Schools & Education,Advancing,"Public hearing completed, 03/01/2023"
Missouri,SB 165,Schools & Education,Advancing,"Committee hearing, 01/31/2023"
Missouri,SB 39,Schools & Education,Advancing,"Passed Senate; House second read and referred to committee, 03/24/2023"
Missouri,HB 337,Schools & Education,Advancing,"Hearing completed, 01/24/2023"
Missouri,HB 183,Schools & Education,Advancing,"Placed on Informal Calendar for Perfection, 03/22/2023"
Missouri,SB 29,Schools & Education,Advancing,"Hearing completed, 01/31/2023"
Missouri,HB 170,Schools & Education,Advancing,"Hearing completed, 01/24/2023"
Missouri,SB 48,Schools & Education,Advancing,"Hearing completed, 01/31/2023"
Missouri,SB 2,Schools & Education,Advancing,"Hearing completed, 01/31/2023"
Missouri,SB 42,Schools & Education,Advancing,"Passed Senate; House referred to committee, 03/28/2023"
Missouri,SB 598,Healthcare,Advancing,"First read, 02/06/2023"
Missouri,SB 390,Schools & Education,Advancing,"Second read and referred to committee, 03/02/2023"
Missouri,HB 75,Schools & Education,Advancing,"Referred to committee, 02/15/2023"
Missouri,HB 1157,Civil Rights,Advancing,"Second read, 02/15/2023"
Missouri,SB 693,Free Speech & Expression,Advancing,"First read, 02/28/2023"
Missouri,HB 1332,Healthcare,Advancing,"Second read, 03/01/2023"
Missouri,HB 1258,"Schools & Education, Civil Rights",Advancing,"Second read, 02/27/2023"
Missouri,HB 1333,Other Anti-LGBTQ Bills,Advancing,"Second read, 03/01/2023"
Montana,HB 359,Free Speech & Expression,Advancing,"Passed House; Senate committee hearing, 04/04/2023"
Montana,SB 99,Healthcare,Advancing,"Passed Senate and House, 03/29/2023"
Montana,HB 303,Civil Rights,Advancing,"Passed House; Senate committee hearing, 03/27/2023"
Montana,SB 337,Schools & Education,Defeated,"Missed deadline for general bill transmittal, 03/13/2023"
Montana,SB 413,Schools & Education,Defeated,"Missed deadline for general bill transmittal, 03/13/2023"
Montana,SB 458,Other Anti-LGBTQ Bills,Advancing,"Passed Senate; House first read and referred to committee, 03/22/2023"
Montana,HB 837,Schools & Education,Advancing,"Tabled in committee, 03/29/2023"
Montana,SB 518,Schools & Education,Advancing,"Committee hearing, 03/27/2023"
Nebraska,LB 371,Free Speech & Expression,Advancing,"Committee hearing, 03/24/2023"
Nebraska,LB 574,Healthcare,Advancing,"Placed on Select File, 03/24/2023"
Nebraska,LB 575,Schools & Education,Advancing,"Recommitted to committee, 03/30/2023"
Nebraska,LB 810,Civil Rights,Advancing,"Hearing completed, 02/10/2023"
Nevada,SB 288,Other Anti-LGBTQ Bills,Advancing,"Referred to committee, 03/09/2023"
Nevada,AB 374,Schools & Education,Advancing,"Referred to committee, 03/23/2023"
New Hampshire,HB 396,Other Anti-LGBTQ Bills,Advancing,"Retained in committee, 02/09/2023"
New Hampshire,HB 619,"Healthcare, Schools & Education",Defeated,"Retained in committee, 03/15/2023"
New Hampshire,SB 272,Schools & Education,Advancing,"Passed Senate; House public hearing, 04/18/2023"
New Hampshire,HB 417,Healthcare,Advancing,"Inexpedient to legislate, 03/22/2023"
New Jersey,S 3076,Healthcare,Introduced,"Active, 01/10/2023"
New Jersey,A 1630,Schools & Education,Advancing,"Introduced and referred to committee, 01/11/2023"
New Jersey,S 589,Schools & Education,Advancing,"Introduced and referred to committee, 01/11/2023"
New Jersey,A 1418,Schools & Education,Advancing,"Referred to committee, 01/11/2023"
New Jersey,S 585,Schools & Education,Advancing,"Referred to committee, 01/11/2023"
New Jersey,A 328,Civil Rights,Introduced,"Active, 01/10/2023"
New Mexico,HB 492,Schools & Education,Advancing,"Referred to committee, 02/16/2023"
North Carolina,S. 49,Schools & Education,Advancing,"Passed Senate; first read and referred to House committee, 02/07/2023"
North Carolina,H. 43,Healthcare,Advancing,"Referred to committee, 02/06/2023"
North Carolina,S 585,Free Speech & Expression,Advancing,"First read and referred to committee, 03/02/2023"
North Dakota,HB 1473,"Schools & Education, Public Accommodations",Advancing,"Passed House; Senate committee hearing, 03/28/2023"
North Dakota,HB 1205,Free Speech & Expression,Advancing,"Passed Senate as amended and returned to House, 03/30/2023"
North Dakota,HB 1139,Accurate IDs,Advancing,"Passed House; referred to Senate committee, 03/28/2023"
North Dakota,HB 1254,Healthcare,Advancing,"Passed House; Senate committee hearing, 03/29/2023"
North Dakota,SB 2260,Schools & Education,Advancing,"Passed Senate; House committee hearing, 03/22/2023"
North Dakota,SB 2231,"Schools & Education, Other Anti-LGBTQ Bills",Advancing,"Senate override of Governor’s veto, 03/30/2023"
North Dakota,HB 1249,Schools & Education,Advancing,"Passed House; Senate committee hearing, 03/28/2023"
North Dakota,HB 1333,Free Speech & Expression,Advancing,"Passed House; Senate committee hearing, 03/27/2023"
North Dakota,HB 1301,Healthcare,Defeated,"Failed to pass House, 02/17/2023"
North Dakota,HB 1522,Schools & Education,Advancing,"Passed House; Senate committee hearing, 03/21/2023"
North Dakota,HB 1489,Schools & Education,Advancing,"Passed House; Senate committee hearing, 03/28/2023"
North Dakota,HB 1488,Schools & Education,Advancing,"Passed House; Senate second hearing failed to pass, 03/20/2023"
North Dakota,SB 2188,Schools & Education,Defeated,"Second reading, failed to pass, 02/08/2023"
North Dakota,HB 1297,Accurate IDs,Advancing,"Passed House; Senate committee hearing, 03/28/2023"
North Dakota,HB 1474,Other Anti-LGBTQ Bills,Advancing,"Passed House; Senate committee hearing, 03/29/2023"
North Dakota,HB 1111,Other Anti-LGBTQ Bills,Advancing,"Passed Senate as amended and transmitted to House, 03/30/2023"
North Dakota,HB 1526,Schools & Education,Advancing,"Second reading, failed to pass, 02/15/2023"
Ohio,HB 68,Healthcare,Advancing,"Referred to committee, 02/28/2023"
Ohio,HB 6,Schools & Education,Advancing,"Referred to committee, 02/16/2023"
Ohio,HB 8,Schools & Education,Advancing,"Referred to committee, 02/16/2023"
Ohio,SB 83,Other Anti-LGBTQ Bills,Advancing,"Referred to committee, 03/21/2023"
Oklahoma,SB 404,Civil Rights,Advancing,"Passed Senate; House first read, 03/08/2023"
Oklahoma,SB 614,Healthcare,Advancing,"Second read and referred to committee, 02/07/2023"
Oklahoma,SB 613,Healthcare,Advancing,"Passed Senate; House second read and referred to committee, 03/29/2023"
Oklahoma,HB 1377,Healthcare,Advancing,"Second read and referred to committee, 02/07/2023"
Oklahoma,SB 408,Other Anti-LGBTQ Bills,Advancing,"Passed Senate; House second read and referred to committee, 03/29/2023"
Oklahoma,SB 252,Healthcare,Advancing,"Second read and referred to committee, 02/07/2023"
Oklahoma,SB 345,Healthcare,Advancing,"Second read and referred to committee, 02/07/2023"
Oklahoma,SB 250,Healthcare,Advancing,"Second read and referred to committee, 02/07/2023"
Oklahoma,SB 1007,Schools & Education,Advancing,"Second read and referred to committee, 02/07/2023"
Oklahoma,HB 2186,Civil Rights,Advancing,"Committee passed as amended, 02/23/2023"
Oklahoma,HB 1011,Healthcare,Advancing,"Second read and referred to committee, 02/07/2023"
Oklahoma,SB 786,Healthcare,Advancing,"Second read and referred to committee, 02/07/2023"
Oklahoma,SB 787,Healthcare,Advancing,"Second read and referred to committee, 02/07/2023"
Oklahoma,SB 129,Healthcare,Advancing,"Passed committee as amended, 03/01/2023"
Oklahoma,SB 788,Healthcare,Advancing,"Second read and referred to committee, 02/07/2023"
Oklahoma,SB 789,Healthcare,Advancing,"Second read and referred to committee, 02/07/2023"
Oklahoma,HB 1466,Healthcare,Advancing,"Second read and referred to committee, 02/07/2023"
Oklahoma,SB 878,Healthcare,Advancing,"Second read and referred to committee, 02/07/2023"
Oklahoma,HB 2177,Healthcare,Advancing,"Passed House; Senate second read and referred to committee, 03/23/2023"
Oklahoma,SB 937,Schools & Education,Advancing,"Second read and referred to committee, 02/07/2023"
Oklahoma,SB 935,Schools & Education,Advancing,"Second read and referred to committee, 02/07/2023"
Oklahoma,SB 887,Other Anti-LGBTQ Bills,Advancing,"Second read and referred to committee, 02/07/2023"
Oklahoma,SB 30,Schools & Education,Advancing,"Second read and referred to committee, 02/07/2023"
Oklahoma,SB 1004,Other Anti-LGBTQ Bills,Advancing,"Second read and referred to committee, 02/07/2023"
Oklahoma,SB 131,Schools & Education,Advancing,"Second read and referred to committee, 02/07/2023"
Oklahoma,SB 26,Schools & Education,Advancing,"Passed Senate; House second read, 03/29/2023"
Oklahoma,SB 973,Schools & Education,Advancing,"Second read and referred to committee, 02/07/2023"
Oklahoma,SB 932,Schools & Education,Advancing,"Second read and referred to committee, 02/07/2023"
Oklahoma,HB 2736,Free Speech & Expression,Advancing,"Second read and referred to committee, 02/07/2023"
Oklahoma,HB 1780,Schools & Education,Advancing,"Re-referred to rules committee, 02/16/2023"
Oklahoma,HB 1781,Schools & Education,Advancing,"Second read and referred to committee, 02/07/2023"
Oklahoma,SB 1017,Schools & Education,Advancing,"Second read and referred to committee, 02/07/2023"
Oklahoma,SB 933,Schools & Education,Advancing,"Second read and referred to committee, 02/07/2023"
Oklahoma,SB 943,Schools & Education,Advancing,"Second read and referred to committee, 02/07/2023"
Oklahoma,HB 1449,Other Anti-LGBTQ Bills,Advancing,"Passed House; Senate second read, 03/30/2023"
Oregon,HB 3044,Schools & Education,Advancing,"Referred to committee, 01/20/2023"
Oregon,HB 2186,Schools & Education,Advancing,"Referred to committee, 01/12/2023"
Oregon,SB 453,Schools & Education,Advancing,"Referred to committee, 01/11/2023"
Oregon,SB 749,Schools & Education,Advancing,"Referred to committee, 01/17/2023"
Oregon,SB 452,Healthcare,Advancing,"Referred to committee, 01/14/2023"
Oregon,HB 2477,Schools & Education,Advancing,"Referred to committee, 01/11/2023"
Oregon,SB 897,Healthcare,Advancing,"First read and referred to committee, 02/13/2023"
Pennsylvania,HB 138,Healthcare,Advancing,"Referred to committee, 03/08/2023"
Pennsylvania,HB 216,Schools & Education,Advancing,"Referred to committee, 03/08/2023"
Pennsylvania,HB 319,Schools & Education,Advancing,"Referred to committee, 03/13/2023"
Rhode Island,SB 391,Schools & Education,Advancing,"Referred to committee, 02/16/2023"
Rhode Island,HB 5688,Schools & Education,Advancing,"Committee held for further study, 03/29/2023"
South Carolina,H 3466,Schools & Education,Advancing,"Referred to committee, 01/10/2023"
South Carolina,H. 3616,Free Speech & Expression,Advancing,"Referred to committee, 01/11/2023"
South Carolina,S. 364,Accurate IDs,Advancing,"Referred to committee, 01/10/2023"
South Carolina,S. 274,"Schools & Education, Healthcare",Advancing,"Referred to committee, 01/10/2023"
South Carolina,H. 3197,Schools & Education,Advancing,"Referred to committee, 01/10/2023"
South Carolina,H. 3485,Schools & Education,Advancing,"Referred to committee, 01/10/2023"
South Carolina,S. 276,Other Anti-LGBTQ Bills,Advancing,"Referred to committee, 01/10/2023"
South Carolina,S. 424,"Schools & Education, Other Anti-LGBTQ Bills",Advancing,"Referred to committee, 01/19/2023"
South Carolina,S. 243,Healthcare,Advancing,"Referred to committee, 01/10/2023"
South Carolina,H. 3551,"Healthcare, Schools & Education",Advancing,"Referred to committee, 01/10/2023"
South Carolina,S. 234,Schools & Education,Advancing,"Referred to committee, 01/19/2023"
South Carolina,H. 3827,Schools & Education,Advancing,"Referred to committee , 01/26/2023"
South Carolina,H. 3611,Civil Rights,Advancing,"Referred to committee, 01/11/2023"
South Carolina,H. 3304,Schools & Education,Advancing,"Referred to committee, 01/10/2023"
South Carolina,H. 3801,Civil Rights,Advancing,"Referred to committee, 01/25/2023"
South Carolina,H. 3728,Schools & Education,Advancing,"Passed House; referred to Senate committee, 02/09/2023"
South Carolina,S. 627,"Healthcare, Schools & Education",Advancing,"First read and referred to committee, 03/14/2023"
South Carolina,S. 623,Accurate IDs,Advancing,"First read and referred to committee, 03/14/2023"
South Dakota,HB 1080,Healthcare,Passed into Law,"Governor signed, 02/13/2023"
South Dakota,HB 1116,"Free Speech & Expression, Schools & Education",Advancing,"Passed House; Senate floor vote failed, 03/02/2023"
South Dakota,HB 1125,Free Speech & Expression,Defeated,"Tabled by committee, 02/13/2023"
Tennessee,HB 239,Other Anti-LGBTQ Bills,Advancing,"Placed on committee calendar, 03/08/2023"
Tennessee,SB 3,Free Speech & Expression,Passed into Law,"Governor signed, 03/02/2023"
Tennessee,HB 9,Free Speech & Expression,Advancing,"SB substituted, 02/23/2023"
Tennessee,HB 306,Schools & Education,Advancing,"Placed on House calendar, 04/06/2023"
Tennessee,SB 1,Healthcare,Passed into Law,"Governor signed, 03/02/2023"
Tennessee,SB 5,Healthcare,Advancing,"Referred to committee, 01/20/2023"
Tennessee,SB 620,Schools & Education,Advancing,"Passed on second consideration, referred to committee, 02/02/2023"
Tennessee,SB 466,Schools & Education,Advancing,"Passed by committee and referred to Senate Calendar, 03/29/2023"
Tennessee,HB 30,Free Speech & Expression,Advancing,"Passed House; Senate passed on first consideration, 03/08/2023"
Tennessee,SB 841,Free Speech & Expression,Advancing,"Failed in committee, 03/21/2023"
Tennessee,SB 596,Civil Rights,Advancing,"Committee action deferred to, 01/23/2024"
Tennessee,HB 878,Civil Rights,Advancing,"Passed House; Senate passed on first consideration, 03/09/2023"
Tennessee,SB 603,Other Anti-LGBTQ Bills,Advancing,"Assigned to subcommittee, 03/22/2023"
Tennessee,HB 571,Other Anti-LGBTQ Bills,Advancing,"Taken off notice for subcommittee calendar, 03/13/2023"
Tennessee,HB 1,Healthcare,Advancing,"Senate bill substituted, 02/23/2023"
Tennessee,HB 1378,Healthcare,Advancing,"Assigned to subcommittee, 02/07/2023"
Tennessee,HB 1414,Schools & Education,Advancing,"Assigned to subcommittee, 02/07/2023"
Tennessee,SB 1237,Schools & Education,Advancing,"Committee recommended passage as amended, 03/29/2023"
Tennessee,HB 1269,Schools & Education,Advancing,"Placed on subcommittee calendar, 03/15/2023"
Tennessee,SB 1440,Other Anti-LGBTQ Bills,Advancing,"Passed Senate; received in House, 03/16/2023"
Tennessee,HB 1386,Other Anti-LGBTQ Bills,Advancing,"Assigned to subcommittee, 02/07/2023"
Tennessee,SB 1110,Other Anti-LGBTQ Bills,Advancing,"Passed second consideration and referred to committee, 02/06/2023"
Tennessee,HB 1447,Healthcare,Advancing,"Assigned to subcommittee, 02/07/2023"
Tennessee,SB 1469,Healthcare,Advancing,"Referred to subcommittee, 03/07/2023"
Tennessee,SB 1117,Schools & Education,Advancing,"Placed on Senate calendar, 04/13/2023"
Tennessee,HB 1411,Schools & Education,Advancing,"Placed on committee calendar, 04/05/2023"
Texas,SB 393,Schools & Education,Advancing,"First read and referred to committee, 02/15/2023"
Texas,HB 1266,Free Speech & Expression,Advancing,"First read and referred to committee, 03/03/2023"
Texas,HB 319,Civil Rights,Advancing,"First read and referred to committee, 11/23/2022"
Texas,HB 436,Healthcare,Advancing,"Referred to committee, 02/23/2023"
Texas,SB 476,Free Speech & Expression,Advancing,"Referred to committee, 02/17/2023"
Texas,HB 23,Schools & Education,Advancing,"First read and referred to committee, 02/23/2023"
Texas,HB 643,Free Speech & Expression,Advancing,"Referred to committee, 02/23/2023"
Texas,HB 708,Free Speech & Expression,Advancing,"First read and referred to committee, 02/28/2023"
Texas,SB 162,Accurate IDs,Advancing,"Passed Senate and transmitted to House, 03/30/2023"
Texas,HB 631,Schools & Education,Advancing,"Referred to committee, 02/23/2023"
Texas,HB 1532,Healthcare,Advancing,"Left pending in committee, 03/16/2023"
Texas,HB 1541,Schools & Education,Advancing,"First read and referred to committee, 03/03/2023"
Texas,HB 1155,Schools & Education,Advancing,"First read and referred to committee, 03/02/2023"
Texas,HB 42,Healthcare,Advancing,"Referred to committee, 02/23/2023"
Texas,SB 250,Healthcare,Advancing,"Left pending in committee, 03/16/2023"
Texas,HB 41,Healthcare,Advancing,"Referred to committee, 02/23/2023"
Texas,HB 122,Healthcare,Advancing,"Referred to committee, 02/23/2023"
Texas,SB 249,Healthcare,Advancing,"First read and referred to committee, 02/15/2023"
Texas,SB 625,Healthcare,Advancing,"First read and referred to committee, 02/17/2023"
Texas,SB 649,Schools & Education,Advancing,"Read first time and referred to committee, 02/17/2023"
Texas,HB 1686,Healthcare,Advancing,"Left pending in committee, 03/28/2023"
Texas,HB 1752,Healthcare,Advancing,"First read and referred to committee, 03/07/2023"
Texas,HB 1952,Accurate IDs,Advancing,"Left pending in committee, 03/29/2023"
Texas,SB 1029,Healthcare,Advancing,"Left pending in committee, 03/16/2023"
Texas,SB 1082,"Accurate IDs, Other Anti-LGBTQ Bills",Advancing,"First read and referred to committee, 03/09/2023"
Texas,HB 3164,Other Anti-LGBTQ Bills,Advancing,"First read and referred to committee, 03/15/2023"
Texas,HB 2862,Other Anti-LGBTQ Bills,Advancing,"First read and referred to committee, 03/14/2023"
Texas,HB 3147,Other Anti-LGBTQ Bills,Advancing,"First read and referred to committee, 03/14/2023"
Texas,HB 3213,Other Anti-LGBTQ Bills,Advancing,"First read and referred to committee, 03/15/2023"
Texas,HB 3883,Other Anti-LGBTQ Bills,Advancing,"First read and referred to committee, 03/20/2023"
Texas,HB 3902,Other Anti-LGBTQ Bills,Advancing,"First read and referred to committee, 03/20/2023"
Texas,SB 14,Healthcare,Advancing,"Passed to engrossment as amended, 03/29/2023"
Texas,HB 4129,Free Speech & Expression,Advancing,"First read and referred to committee, 03/21/2023"
Texas,HB 4624,Healthcare,Advancing,"First read and referred to committee, 03/22/2023"
Texas,SB 15,Schools & Education,Advancing,"Senate passed and received by House, 03/30/2023"
Texas,HB 4534,Schools & Education,Advancing,"First read and referred to committee, 03/22/2023"
Texas,HB 4378,Free Speech & Expression,Advancing,"First read and referred to committee, 03/21/2023"
Texas,HB 4754,Healthcare,Advancing,"First read and referred to committee, 03/22/2023"
Texas,SB 8,Schools & Education,Advancing,"Committee reported favorably as substituted, 03/30/2023"
Texas,HB 5236,"Schools & Education, Other Anti-LGBTQ Bills",Advancing,"First read and referred to committee, 03/24/2023"
Texas,HB 4961,Schools & Education,Advancing,"First read and referred to committee, 03/23/2023"
Texas,SB 2199,Civil Rights,Advancing,"First read and referred to committee, 03/22/2023"
Texas,SB 17,Other Anti-LGBTQ Bills,Advancing,"Referred to subcommittee, 03/28/2023"
Texas,SB 2281,Free Speech & Expression,Advancing,"First read and referred to committee, 03/22/2023"
Texas,HB 5256,Schools & Education,Advancing,"First read and referred to committee, 03/24/2023"
Texas,HB 2722,Schools & Education,Advancing,"First read and referred to committee, 03/13/2023"
Texas,HB 5261,Schools & Education,Advancing,"First read and referred to committee, 03/24/2023"
Texas,HB 5127,Other Anti-LGBTQ Bills,Advancing,"First read and referred to committee, 03/24/2023"
Texas,HB 5235,"Schools & Education, Other Anti-LGBTQ Bills",Advancing,"First read and referred to committee, 03/24/2023"
Texas,SB 1443,Schools & Education,Advancing,"First read and referred to committee, 03/16/2023"
Texas,HB 2659,"Schools & Education, Civil Rights",Advancing,"First read and referred to committee, 03/13/2023"
Utah,SB 93,Accurate IDs,Passed into Law,"Governor signed, 03/23/2023"
Utah,SB 100,Schools & Education,Passed into Law,"Governor signed, 02/16/2023"
Utah,SB 16,Healthcare,Passed into Law,"Governor signed, 01/28/2023"
Utah,HB 132,Healthcare,Defeated,"House filed, 03/03/2023"
Utah,HB 464,Schools & Education,Defeated,"House filed, 03/03/2023"
Utah,HB 463,Schools & Education,Defeated,"Passed House; passed Senate; referred to House file, 03/03/2023"
Utah,HB 209,Schools & Education,Passed into Law,"Governor signed, 03/17/2023"
Utah,SB 39,Accurate IDs,Passed into Law,"Governor signed, 03/15/2023"
Utah,SB 97,Other Anti-LGBTQ Bills,Passed into Law,"Governor signed, 03/14/2023"
Virginia,HB 2432,"Healthcare, Schools & Education",Defeated,"Passed House; passed by indefinitely by Senate committee, 02/16/2023"
Virginia,SB 1186,Schools & Education,Defeated,"Passed by indefinitely by committee, 02/02/2023"
Virginia,HB 1387,Schools & Education,Defeated,"Passed House; passed by indefinitely by Senate committee, 02/16/2023"
Virginia,HB 1434,Schools & Education,Defeated,"Subcommittee recommends laying on table, 01/25/2023"
Virginia,HB 2170,Schools & Education,Defeated,"Subcommittee recommends laying on table, 01/27/2023"
Virginia,HB 1399,Schools & Education,Defeated,"Assigned to subcommittee, 01/20/2023"
Virginia,SB 962,Schools & Education,Defeated,"Passed by indefinitely by committee, 02/02/2023"
Virginia,SB 911,Schools & Education,Defeated,"Incorporated into SB 1186, 02/02/2023"
Virginia,HB 1707,Schools & Education,Defeated,"Incorporated by committee into HB 2432, 02/03/2023"
Virginia,SB 1203,Healthcare,Defeated,"Incorporated by committee into SB 791, 02/02/2023"
Virginia,SB 960,"Healthcare, Schools & Education, Civil Rights",Defeated,"Passed by indefinitely by committee, 02/02/2023"
Virginia,SB 791,Healthcare,Defeated,"Passed by indefinitely by committee, 02/02/2023"
Washington,HB 1223,Other Anti-LGBTQ Bills,Advancing,"Referred to committee, 01/11/2023"
Washington,SB 5653,Schools & Education,Advancing,"Referred to committee, 02/01/2023"
West Virginia,SB 103,Free Speech & Expression,Advancing,"Referred to committee, 01/11/2023"
West Virginia,SB 253,Free Speech & Expression,Advancing,"Referred to committee, 01/17/2023"
West Virginia,HB 3097,Healthcare,Advancing,"Referred to committee, 01/27/2023"
West Virginia,HB 2007,Healthcare,Passed into Law,"Passed Senate and House as amended; approved by Governor, 03/29/2023"
West Virginia,HB 3001,Schools & Education,Advancing,"Referred to committee, 01/24/2023"
West Virginia,HB 3042,Civil Rights,Passed into Law,"Governor signed, 03/09/2023"
West Virginia,SB 517,Civil Rights,Advancing,"Referred to committee, 01/30/2023"
West Virginia,HB 3183,"Healthcare, Schools & Education, Other Anti-LGBTQ Bills",Advancing,"Referred to committee, 01/31/2023"
West Virginia,HB 3176,"Free Speech & Expression, Schools & Education",Advancing,"Referred to committee, 01/31/2023"
West Virginia,HB 3503,Other Anti-LGBTQ Bills,Advancing,"Referred to committee, 02/14/2023"
West Virginia,SB 692,"Healthcare, Schools & Education",Advancing,"Referred to committee, 02/20/2023"
West Virginia,SB 697,Healthcare,Advancing,"Referred to committee, 02/20/2023"
Wyoming,HB 187,Schools & Education,Defeated,"Did not consider for introduction, 01/31/2023"
Wyoming,SF 111,Healthcare,Defeated,"Passed Senate; House did not consider for introduction, 02/24/2023"
Wyoming,SF 117,Schools & Education,Defeated,"Passed Senate; House did not consider for introduction, 02/24/2023"
Wyoming,HB 262,Civil Rights,Defeated,"Died in committee, 02/07/2023"
Wyoming,SF 133,Schools & Education,Passed into Law,"Became act without Governor’s signature, 03/17/2023"
Wyoming,SF 144,Healthcare,Defeated,"Passed Senate; House Committee of the Whole did not consider, 02/27/2023"
